{
  "name": "custom.remote.python.spacex",
  "version": "1.009",
  "type": "python",
  "entity": "CUSTOM_DEVICE",
  "technologies": ["SpaceX"],
  "metricGroup": "tech.SpaceX",
  "favicon": "https://cdn1.iconfinder.com/data/icons/transportation-85/65/rocket-512.png",
  "source": {
    "package": "spacex_plugin",
    "className": "SpaceXPlugin",
    "install_requires": ["requests"],
    "activation": "Remote"
  },
  "properties": [
    {"key": "url", "type":  "String"}
  ],
  "configUI": {
    "displayName": "SpaceX Plugin",
    "properties": [
      {"key": "url", "displayName":  "SpaceX URL", "displayHint":  "http://ec2-18-229-131-87.sa-east-1.compute.amazonaws.com"}
    ]
  },
  "metrics": [
    {
      "entity": "CUSTOM_DEVICE",
      "timeseries": {
        "key": "fuel",
        "unit": "Count",
        "displayname": "Combustible"
      }
    },
    {
      "entity": "CUSTOM_DEVICE",
      "timeseries": {
        "key": "thrust",
        "unit": "Percent",
        "displayname": "Potencia",
        "dimensions": ["Motor"]
      }
    },
    {
      "statetimeseries": {
        "key": "weather",
        "states": ["Fair",
          "Cloudy",
          "Sunny",
          "Rainy",
          "Stormy",
          "Snowy",
          "Windy",
          "Hail"
        ],
        "displayname": "Clima"
      }
    }
  ],
  "ui": {
    "keymetrics": [
      {"key":  "fuel", "displayName":  "Cumbustible"}
    ],
    "keycharts": [
      {
        "group": "Ship",
        "title": "Combustible",
        "series": [
          {
            "key": "fuel",
            "displayName": "Combustible"
          }
        ]
      },
      {
        "group": "Ship",
        "title": "Potencia",
        "series": [
          {
            "key": "thrust",
            "displayName": "Potencia",
            "mergeaggregation": "AVG"
          }
        ]
      },
      {
        "group": "Weather",
        "title": "Clima",
        "series": [
          {
            "key": "weather",
            "displayName": "Clima",
            "statecolors": [ "#CD6155", "#AF7AC5", "#5499C7", "#48C9B0", "##58D68D", "##F4D03F", "#EB984E", "#5D6D7E" ],
            "statechart": true
          }
        ]
      }
    ],
    "charts": [
      {
        "group": "Ship",
        "title": "Combustible",
        "series": [
          {
            "key": "fuel",
            "displayName": "Combustible"
          }
        ]
      },
      {
        "group": "Ship",
        "title": "Potencia",
        "series": [
          {
            "key": "thrust",
            "displayName": "Potencia"
          }
        ]
      },
      {
        "group": "Weather",
        "title": "Clima",
        "series": [
          {
            "key": "weather",
            "displayName": "Clima",
            "statecolors": [ "#CD6155", "#AF7AC5", "#5499C7", "#48C9B0", "##58D68D", "##F4D03F", "#EB984E", "#5D6D7E" ],
            "statechart": true
          }
        ]
      }
    ]
  }
}